Interactable Name,Object Name,Scene Name,Scene ID,Interactable ID,Default State,Action One,Action One - Object Name,Action Two,Action Two - Object Name,Action Three,Action Three - Object Name,Action Four,Action Four - Object Name
Potted Plant,CampPlant_Bonsai,Campground Iso,0,0,null,Bonsai,CampPlant_Bonsai,Venus Fly Trap,CampPlant_Flytrap,Peace Lily,CampPlant_PeaceLily,Succulent,CampPlant_Succulent
GraveStone,GraveStoneBirds,Campground Iso,0,1,null,One Offering,GraveStoneBirds_1,Two Offerings,GraveStoneBirds_2,Three Offerings,GraveStoneBirds_3,Give Nothing,GraveStoneBirds_None
Snack,CampSnack_Trout (1),Campground Iso,0,2,null,Trout,CampSnack_Trout,Marshmallow,CampSnack_Marshmallow,Kebab,CampSnack_Kebab,Corn,CampSnack_Corn
Choose your Watercraft,Camp_Watercraft_Canoe,Campground Iso,0,3,null,Yellow Inner Tube,Camp_Watercraft_Tube,Wooden Raft,Camp_Watercraft_Raft,Shoddy Barrel,Camp_Watercraft_Barrel,Red Canoe,Camp_Watercraft_Canoe
BeachWell,Well_01,Campground Iso,0,4,null,Fill Bucket,Well_01_Full,Drop Bucket,Well_01_DropBucket,Poison The Well,Well_01_Poison,Burn it down,Well_01_SetOnFire
Wildlife,CafeCat_Orange,Campground Iso,0,5,null,Prussian Cat,BodegaPet_CatBlue,Snake,BodegaPet_Snake,Tabby Cat,BodegaPet_CatOrange,Crab,BodegaPet_Crab
Bear Dreams,BearDream_Base,Campground Iso,0,6,null,Snow,BearDream_Snow,Astronaut,BearDream_Astronaut,Hamburger,BearDream_Hamburger,Octopus,BearDream_Octopus
Gift for Yeti,Gift_Int,Campground Iso,0,7,null,Book,CampYeti_Book,Fishing Rod,CampYeti_FishingRod,Tomato Juice,CampYeti_Tomato,Sun Screen,CampYeti_Sunreflector
Record Player,CampMusic_Record,Campground Iso,0,8,null,Doom Metal,CampMusic_Record,Indie Folk,CampMusic_Record,Flamenco,CampMusic_Record,Soul RnB,CampMusic_Record
Stump,CampStump_Axe 1,Campground Iso,0,9,null,Axe,CampStump_Axe 1,Sword,CampStump_Sword,Mushroom,CampStump_Shroom 1,Sapling,CampStump_Sapling
Picnic,CampPicnic_Cheese,Campground Iso,0,10,null,Jello,CampPicnic_Jello,Grapes,CampPicnic_Grapes,Cheese,CampPicnic_Cheese,Champagne,CampPicnic_Champagne
Ship Creature,CampPest_Pigeon,Campground Iso,0,11,null,Beetle,CampPest_Beetles,Spider,CampPest_Spider,Mouse,CampPest_Mice,Pigeon,CampPest_Pigeon
Car,CampCar_Station,Campground Iso,0,12,null,Station Wagon,CampCar_Station,Pickup,CampCar_Truck,Jeep,CampCar_Jeep,Camper,CampCar_Camper
Bush,CampBush_BerryA,Campground Iso,0,13,null,Raspberry,CampBush_BerryA,Blueberry,CampBush_BerryB,Flower,CampBush_Flower,Poison Ivy,CampBush_Ivy (1) 1
Hobby,CampDraft_Paper,Campground Iso,0,14,null,Blueprints,null,Car Design,null,Comics,null,Novel,null
Kitchen Sink,CampKitchen_Clean,Campground Iso,0,15,null,Clean,CampKitchen_Clean,Dirty,CampKitchen_Dirty,On Fire,CampKitchen_OnFire,Wash Cat,CampKitchen_WashCat
Customer,Cafe_Human,Cafe,1,0,CafeCustomer_Human,Ghost,CafeCustomer_Ghost,Pirate,CafeCustomer_Pirate,Human,CafeCustomer_Human,Child,CafeCustomer_Teen
Barista,Cafe_BaristaItem,Cafe,1,1,Cafe_Barista_NoItem,"Here's your coffee!" ,Cafe_Barista_Coffee,"That's $98 in change.",Cafe_Barista_Cash,"Did you lose a toy?",Cafe_Barista_Toy,"Here's the bathroom key.",Cafe_Barista_Key
News Stand,Newstand,Cafe,1,2,Cafe_Newstand,Community Board,Cafe_News_CommunityBoard,TV ,Cafe_News_TV,Radio,Cafe_News_Radio,Tabloids,Cafe_News_Tabloid
Pastry Case,PastryCase,Cafe,1,3,Cafe_PastryCase_Macaron,Steamed Buns,Cafe_PastryCase_Buns,Panini,Cafe_PastryCase_Panini,Gelato,Cafe_PastryCase_Gelato,Macaron,Cafe_PastryCase_Macaron
Someone's Laptop,Cafe_Laptop_Open,Cafe,1,4,Cafe_Laptop_Open,Close Laptop,Cafe_Laptop_Closed,Open,Cafe_Laptop_Open,Change Screensaver,Cafe_Laptop_Screensaver,Draw on Laptop,Cafe_Laptop_Draw
Drink,SaloonBar_Drink_Latte,Cafe,1,5,SaloonBar_Drink_Latte,Beer,SaloonBar_Drink_Beer,Latte,SaloonBar_Drink_Latte,Juice,SaloonBar_Drink_Juice,Tiki Bowl,SaloonBar_Drink_Tiki
Bodega Pet,CafeCat,Cafe,1,6,BodegaPet_CatOrange,Prussian Blue Cat,BodegaPet_CatBlue,Snake,BodegaPet_Snake,Orange Tabby Cat,BodegaPet_CatOrange,Crab,BodegaPet_Crab
Snooty Customer,Cafe_CustomerSnooty,Cafe,1,7,Cafe_CustomerSnooty,"I love this latte.",Cafe_CustomerSnooty_LoveDrink_Var,"Eugh, yuck!",Cafe_CustomerSnooty_HateDrink_Var,"Picking up for my family...",Cafe_CustomerSnooty_HoldingDrinks_Var,They're too busy texting.,Cafe_CustomerSnooty_Texting Var
Record Player,CampMusic_Record,Cafe,1,8,CampMusic_Record,Doom Metal,CampMusic_Record,Indie Folk,CampMusic_Record,Flamenco,CampMusic_Record,Soul RnB,CampMusic_Record
Merchandise,CafeMerch_CoffeeBean,Cafe,1,9,CafeMerch_CoffeeBean,Ukelele,CafeMerch_Ukulele,Coffee Beans,CafeMerch_CoffeeBean,Vinyls,CafeMerch_Vinyl,Dino Toy,CafeMerch_Dino
Professional ,NPCProfessional_Wait,Cafe,1,10,null,Taking Photos,NPCProfessional_Camera,Eating Candy,NPCProfessional_Candy,Waiting,NPCProfessional_Wait,Talking on Phone,NPCProfessional_Phone
Student,CafeStudent_Sleeping,Cafe,1,11,CafeStudent_Sleeping,Studying,CafeStudent_Studying,Sleeping,CafeStudent_Sleeping,Jittery,CafeStudent_Awake,Playing Games,CafeStudent_Games
Potted Plant,CafePlant_Succulent,Cafe,1,12,CafePlant_Succulent,Bonsai,CafePlant_Bonsai,Venus Fly Trap,CafePlant_Flytrap,Peace Lily,CafePlant_PeaceLily,Succulent,CafePlant_Succulent
Dessert,Dessert,Cafe,1,13,Cafe_Dessert_Default,Strawberry Shortcake,Cafe_Dessert_CakeStrawberry,Matcha Shaved Ice,Cafe_Dessert_ShavedIce,Fruity Tart,Cafe_Dessert_Tart,Sweet Concha,Cafe_Dessert_Concha
Barista Aprons,BaristaApron_Green,Cafe,1,14,BaristaApron_Green,Green,BaristaApron_Green,Lilac,BaristaApron_Lilac,Orange,BaristaApron_Orange,White,BaristaApron_White
Today's Special,Cafe_Sign,Cafe,1,15,Cafe_Sign,Pepper Latte,Cafe_Sign_SpicyLatte Var,Moroccan Mint Tea,Cafe_Sign_TeaTime Var,Rainbow Smoothie,Cafe_Sign_Rainbow Var,Open Mic Night,Cafe_Sign_MicNight Var
Rock,rock_V1,CastleBeach,2,0,null,Mine Gold,rock_V1_ore_1,Mine Copper,rock_V1_ore_2,Mine Silver,rock_V1_ore_3,Mine Jade,rock_V1_ore_4
Cauldron,ST_Cauldron_Blue,CastleBeach,2,1,null,Boil Water,ST_Cauldron_Blue,Cook Stew,ST_Cauldron_Yellow,Brew a Potion,ST_Cauldron_Poison,Polish,ST_Cauldron
Sand Castle,Beach_SandCastle (1),CastleBeach,2,2,null,Play Tic-Tac-Toe,Beach_TicTacToe,Build Sand Castle,Beach_SandCastle (1),Have a Picnic,Beach_Picnic,Find Treasure Chest,Beach_Pirate_Chest
Study Nemesis,Painting_Cujo,CastleBeach,2,3,null,Capn' Cujo,Painting_Cujo 1,Capn' Rum,Painting_Human 1,Capn' Beardy,Painting_Nemesis 1,Capn' Whale,Painting_Whale 1
Drink,SaloonBar_Drink_Beer,CastleBeach,2,4,null,Beer,SaloonBar_Drink_Beer,Latte,SaloonBar_Drink_Latte,Juice,SaloonBar_Drink_Juice,Tiki Bowl,SaloonBar_Drink_Tiki
BeachWell,Well_01,CastleBeach,2,5,null,Fill Bucket,Well_01_Full,Drop Bucket,Well_01_DropBucket,Poison The Well,Well_01_Poison,Burn it down,Well_01_SetOnFire
Weapon Rack,WeaponsRack_Axe (2),CastleBeach,2,6,null,Take Handaxe,WeaponsRack_Axe,Take Sword,WeaponsRack_Sword,Take Mace,WeaponsRack_Mace,Take Morning Star,WeaponsRack_MorningStar
Bush,CampBush_BerryA,CastleBeach,2,7,null,Raspberry,CampBush_BerryA,Blueberry,CampBush_BerryB,Flower,CampBush_Flower,Poison Ivy,CampBush_Ivy (1) 1
Trough,Saloon_Trough_Drink,CastleBeach,2,8,null,Empty,Saloon_Trough_Empty,Drink,Saloon_Trough_Drink,Poison,Saloon_Trough_Poison,Fill With Hay,Saloon_Trough_Hay
Choose Your King,King_Grp,CastleBeach,2,9,null,King Cat,King_Cat,King Yetti,King_Yetti,King Egg,King_Egg,King Rabbit,King_Rabbit
Choose Banner,GameObject,CastleBeach,2,10,null,Red,FlagGeo (4),Blue,FlagGeo (2),Green,FlagGeo (3),Purple,FlagGeo (1)
Choose Tree,Tree,CastleBeach,2,11,null,Dead,Tree_Dead,Red,Tree_Aspen_Red,Orange,Tree_Aspen_Orange,Yellow,Tree_Aspen_Yellow
Library,book_library,CastleBeach,2,12,null,Read a Red Book,book_open_red,Read a Blue Book,book_open_blue,Read a Green Book,book_open_green,Read a Yellow Book,book_open_yellow
TentCover,Tent Cover,CastleBeach,2,13,null,Color Red,Tent Cover (1),Color Black,Tent Cover (2),Color Blue,Tent Cover (3),Color Green,Tent Cover (4)
Camp Gang,CampGangNPCs,CastleBeach,2,14,null,Usual Crew,SaloonNPC_PokerPlayers_Dandy 1,The dogs,SaloonNPC_PokerPlayers_Dog 1,HipHop Crew,SaloonNPC_PokerPlayers_Hiphop 1,Western Gang,SaloonNPC_PokerPlayers_Western 1
Cook Food,FirePitChicken,CastleBeach,2,15,null,Cook Chicken,FirePitChicken 1,Cook Egg,FirePitEgg 1,Cook Fish,FirePitFish 1,Cook Soup,FirePitSoup 1
Cat,Cat,ArabianDay,3,0,BodegaPet_CatBlue,Pet cat,BodegaPet_CatBlue,Feed cat,BodegaPet_CatOrange,Get eaten by cat,Green_cat,Run from cat,White_cat
Choose Weapon,SaloonWeapon_Cutlass,ArabianDay,3,1,SaloonWeapon_Cutlass,Cutlass,SaloonWeapon_Cutlass,Mace,SaloonWeapon_Mace,RayGun,SaloonWeapon_RayGun,Revolver,SaloonWeapon_Revolver
Chicken,ChickenGrp,ArabianDay,3,2,ChickenGrpDefault,Pet Chicken,ChickenGrpPet,Collect Egg,ChickenGrpTake1,Collect All Eggs,ChickenGrpTake2,Throw Eggs,ChickenGrpThrow
Bird Cage,Aladdin_BIrd,ArabianDay,3,3,Aladdin_BIrd_cage_None,Bird Bath,Aladdin_BIrd_Bath,Bird Cage,Aladdin_BIrd_cage,Leave Alone,Aladdin_BIrd_cage_None,Elegant,Aladdin_BIrd_Elegant
Choose food,Arabian_Barrel_Banana,ArabianDay,3,4,Arabian_Barrel_Apples,Fish,Arabian_Barrel_Banana 2,Apples,Arabian_Barrel_Apples,Snakes,Arabian_Barrel_Banana 3,Bananas,Arabian_Barrel_Banana 4
Crystal,CrystalBlue,ArabianDay,3,5,CrystalBlue,Water crystal,CrystalBlue,Fire crystal,CrystalRed,Earth crystal,CrystalYellow,Wind crystal,CrystalPurple
Flute,Flute,ArabianDay,3,6,Flute_Default,Play Energetic Song,Flute_Song1,Play Mellow Song,Flute_Song2,Play Mysterious Song,Flute_Song3,Play Harsh Song,Flute_Song4
Fruit,BagOfFruit,ArabianDay,3,7,BagOfFruit_Default,Fill With Green Apples,BagOfFruit3,Fill With All Apples,BagOfFruit1,Fill With Red Apples,BagOfFruit2,Fill With Yellow Apples,BagOfFruit4
What'll you buy?,Arabian_lady,ArabianDay,3,8,Arabian_lady_Default,Buy Macarons,Arabian_lady_macaron,Buy Monkey,Arabian_lady_monkey,Buy Fresh Fish,Arabian_lady_fish,Buy Fruit Bonanza,Arabian_lady_Fruit
Rooftop Plant,Plant_int,ArabianDay,3,9,Arabian_palm_tree,Cactus,Arabian_cactus,Shrub,Arabian_shrub,Pine tree,Arabian_pine_tree,Palm tree,Arabian_palm_tree
OpenChest,Pirate_Chest,ArabianDay,3,10,null,Bones,Pirate_Chest_Bones,Fruit,Pirate_Chest_Fruit,Gold,Pirate_Chest_Gold,Tuna,Pirate_Chest_Tuna
Lamp,GenieLamp,ArabianDay,3,11,GenieLamp_Default,Clean,GenieLampClean,Inspect,GenieLampInspect,Take,GenieLampTake,Leave Alone,GenieLampLeave
Change Rug Color,Rug,ArabianDay,3,12,Rug_Purple,Blue Rug,Rug_Blue,Purple Rug,Rug_Purple,Red Rug,Rug_Red,Yellow Rug,Rug_Yellow
Night Stand,NightStand,ArabianDay,3,13,NightStand,Open Sugar Drawer,NightStand (1),Open Rope Drawer,NightStand (2),Open Weird Drawer,NightStand (3),Open Bread Drawer,NightStand (4)
Chicken,ChickenDinner,ArabianDay,3,14,ChickenDinner_Default,Red Chicken,ChickenDinnerAction1,Blue Chicken,ChickenDinnerAction2,Green Chicken,ChickenDinnerAction3,Yellow Chicken,ChickenDinnerAction4
Cast Magic,Broom_Sweeping,ArabianDay,3,15,Broom_Default,Sweeping,Broom_Sweeping,Floating,Broom_Floating,Upgrade to Vacuum,Broom_Vacuum,Broken,Broom_Broken
Captured Dino,CaptureDino,DinoSafari,4,0,null,Capture Raptor,DinoRaptor_Capture,Pet Raptor,DinoRide_Raptor_PetVar,Free Raptor,DinoRide_Raptor_Free,Feed Raptor,DinoRide_Raptor FeedVar
Picnic,CampPicnic_Cheese,DinoSafari,4,1,null,Jello,CampPicnic_Jello,Grapes,CampPicnic_Grapes,Cheese,CampPicnic_Cheese,Champagne,CampPicnic_Champagne
Ride A Dino,DinoRide_Ankylosaurus,DinoSafari,4,2,null,Pterodactyl,DinoRide_Pterosaur,Raptor,DinoRide_Raptor 1,Ankylosaurus,DinoRide_Ankylosaurus,Brachiosaurus,DinoRide_Brachiosaurus
Tourists,DinoTourist_Paleontologist,DinoSafari,4,3,null,Dogs,DinoTourist_Dogs,Girl Scouts,DinoTourist_GirlScouts,Cowboys,DinoTourist_Cowboys,Paleontologists,DinoTourist_Paleontologist
Dig Site,Dino_Dig_TriceraBone,DinoSafari,4,4,null,Triceratops Skull,Dino_Dig_TriceraBone,Alien Artifact,Dig_Site_Alien_Artifact,Trophy,Dig_Site_Stanley_Cup,Potatos,Dig_Site_Potato_Group
Dino Tent,Dino_Table,DinoSafari,4,5,null,Examine Fossil,DinoTent_FossilExamine,Clean Fossil,DinoTent_FossilBones,Steal Fossil,DinoTent_Steal,Extract Fossil,DinoTent_FossilExtract
Rock Painting,Dino_Rock_Horse,DinoSafari,4,6,null,Horse,RockPainting_Horse,Tic-Tac-Toe,RockPainting_TicTacToe,Graffiti,RockPainting_Graffiti,Hand Print,RockPainting_Turkey
Car,CampCar_Jeep 1,DinoSafari,4,7,null,Station Wagon,CampCar_Station,Pickup,CampCar_Truck,Jeep,CampCar_Jeep,Camper,CampCar_Camper
Tyrannosaurus Rex,DinoTrex,DinoSafari,4,8,null,Kaiju Roar,null,Honking,null,Growl,null,Cockadoodledoo,null
Caveman Exhibit,Caveman_Hunting,DinoSafari,4,9,null,Alien Exhibit,Caveman_Aliens,Cow Exhibit,Caveman_Cow,Pirate Exhibit,Caveman_Pirates,Neanderthal Exhibit,Caveman_Hunting
Chaos Theorist,Dino_NPC_Jeff,DinoSafari,4,10,null,"Life Finds A Way",Dino_NPC_Jeff_DNA_Var,"A Toast to the end!",Dino_NPC_Jeff_Champagne_Var,"That's one big pile of caca.",Dino_NPC_Jeff_DinoCaca_Var,"Knots make great gifts!",Dino_NPC_Jeff_Knots_Var 1
Ice Age Exhibit,Dino_Exhibit_Curtain,DinoSafari,4,11,null,Reveal Yeti,Dino_Exhibit_Yeti,Reveal Alien,Dino_Exhibit_Alien,Reveal Giant Sugar Cube,Dino_Exhibit_Sugar,Reveal Horse,Dino_Exhibit_Horse
Dino Egg,DinoNestEgg,DinoSafari,4,12,null,Speckled Egg,DinoNestEgg_Speckled,White Egg,DinoNestEgg_White,Dark Egg,DinoNestEgg_Dark,Blue Egg,DinoNestEgg_Blue
Feed Baby Dino,DinoBaby_Base,DinoSafari,4,13,null,Spaghetti,DinoBaby_FeedSpaghetti,Steak,DinoBaby_FeedSteak,Cake,DinoBaby_FeedCake,Banana,DinoBaby_FeedBanana
Feathers,DinoFeather_Blue,DinoSafari,4,14,null,Red,DinoFeather_Red,Indigo,DinoFeather_Indigo,Yellow,DinoFeather_Yellow,Blue,DinoFeather_Blue
Pterosaur,DinoPterosaur_Music,DinoSafari,4,15,null,Banjo,DinoPterosaur_Music,Romanza,DinoPterosaur_Music,Ukulele,DinoPterosaur_Music,Screeching,DinoRide_Pterosaur
Big Momma,ChickenGrp,Farm,5,0,null,Pet Chicken,Farm_ChickenGrpPet,Collect Egg,Farm_ChickenGrpTake,Collect All Eggs,Farm_ChickenGrpTake_2,Throw Eggs,Farm_ChickenGrpThrow
Record Player,CampMusic_Record,Farm,5,1,null,Doom Metal,CampMusic_Record,Indie Folk,CampMusic_Record,Flamenco,CampMusic_Record,Soul RnB,CampMusic_Record
Crops,Crops,Farm,5,2,null,Harvest Corn,Crops_Corn_Action_HarvestCorn,Sow and Till ,Crops_Corn_Action_TilledGround,Grow Wheat,Crops_Corn_Action_GrowWheat,Make a Corn Maze,Crops_Corn_Action_CornMaze
Tractor,Tractor,Farm,5,3,null,Fix Engine,Tractor_Action_FixEngine,Goat Crossing,Tractor_Action_GoatCrossing,Load Hay,Tractor_Action_LoadHay,Paint Red,Tractor_Action_PaintRed
Gary the Horse,farm_horse,Farm,5,4,null,Put Saddle On,Farm_Horse_Saddle_Var,Brush Coat,Farm_Horse_Brush_Var,Put Blanket On ,Farm_Horse_Blanket,Give Haircut,Farm_Horse_Mohawk_Var
Cow,Cows,Farm,5,5,null,Tip Cow,Cows_TipVar,Dinosaur Herd,Cows_DinoVar,Monkey Herd,Cows_MonkeyVar,Ahh!!! Aliens!,Cows_AlienVar
Car,CampCar_Station,Farm,5,6,null,Station Wagon,CampCar_Station,Pickup,CampCar_Truck,Jeep,CampCar_Jeep,Camper,CampCar_Camper
Spider's Web,SpiderWeb_Words,Farm,5,7,null, Some Pig,Spiderweb_Words_Actions_SomePig,Some Farm,Spiderweb_Words_Actions_SomeFarm,Terrific,Spiderweb_Words_Actions_Terrific,Word,Spiderweb_Words
Buy a Pet,PetVendor,Farm,5,8,null,Fox,PetVendor_ActionFox,Dog,PetVendor_ActionDog,Cat,PetVendor_ActionCat,Penguin,PetVendor_ActionPenguin
Paint Barn,barn,Farm,5,9,null,Paint Blue,Barn_Blue,Paint Purple,Barn_Purple,Paint Yellow,Barn_Yellow,Paint Red,Barn_red
Apple Tree,AppleTree,Farm,5,10,null,Dig for Treasure,Apple_Tree_Action_DigForTreasure,Kick Tree,Apple_Tree_Action_KickTree,Have a Picnic,Apple_Tree_Action_Picnic,Set Up SwingSet,Apple_Tree_Action_HangSwing
Set Up ScareCrow,ScareCrow,Farm,5,11,null,Straw Scarecrow,ScareCrow_Straw,Big Foot Scarecrow,ScareCrow_BigFoot,Bear Scarecrow,ScareCrow_Bear,Clown Scarecrow,ScareCrow_Clown
Bush,CampBush_BerryA,Farm,5,12,null,Raspberry,CampBush_BerryA,Blueberry,CampBush_BerryB,Flower,CampBush_Flower,Poison Ivy,CampBush_Ivy (1) 1
Sheep,Sheep,Farm,5,13,null,Herd the Sheep,Sheep_Action_Herd,Cry Wolf ... err Fox,Sheep_Action_Fox,Pet a Sheep,Sheep_Base,Feed the Sheep,Sheep_Action_Feed
Feed Piglets,PigFood,Farm,5,14,null,Apples,TEMP_PigFood_Apples,Steak,TEMP_PigFood_Steak,Fancy Tart,TEMP_PigFood_Tart,Corn,TEMP_PigFood_Corn
Gift for Yeti,Gift_Int,Farm,5,15,null,Book,CampYeti_Book,Fishing Rod,CampYeti_FishingRod,Tomato Juice,CampYeti_Tomato,Sun Screen,CampYeti_Sunreflector
Change Rugs,Rug_Interactable,HauntedHouse,6,0,Rug_Grp_Common,Rug 1,Rug_Grp_01,Rug2,Rug_Grp_02,Rug3,Rug_Grp_03,Rug4,Rug_Grp_04
Choose TV Station,TV_Interactable,HauntedHouse,6,1,HH_TVSet_Idle,Offline,HH_TVSet_Offline,Portal,HH_TVSet_Portal,Scary Movie,HH_TVSet_ScaryMovie,Static,HH_TVSet_Static
,Picture_Interactable,HauntedHouse,6,2,null,Head Of Skeleton,Picture_Grp_HeadOfSkeleton,Mona Lisa,Picture_Grp_MonaLisa,Munch's Scream,Picture_Grp_Munch'sScream,Poker Players,Picture_Grp_PokerPlayers
Pick Skull,Skull_Interactable,HauntedHouse,6,3,HH_Skull_Default,Flaming Skull,HH_Skull_Flame,Haunted Skull,HH_Skull_Haunted,Launging Skull,HH_Skull_Laughing,Screaming Skull,HH_Skull_Screaming
Pick urn to throw in,FirePlace_Interactable,HauntedHouse,6,4,null,Throw Uncle Fred's Ashes,Fireplace_FlamesFredDurst,Throw Grandma's Ashes,Fireplace_FlamesGrandma,Throw Henry III's Ashes,Fireplace_FlamesHenrylll,Throw Luis II's Ashes,Fireplace_FlamesLuisll
LightSource,LightSource_Interactable,HauntedHouse,6,5,LightSource_Default,Flare,LightSource_Flare,FlashLight,LightSource_Flashlight,GlowStick,LightSource_Glowstick,Lantern,LightSource_Lantern
Choose Head Mount,TrophyHead_Interactable,HauntedHouse,6,6,HH_Mount_Base,Bear Mount,HH_Mount_Bear,Jackalope Mount,HH_Mount_Jackalope,Frankenstein Mount,HH_Mount_Frankenstein,Dragon Mount,HH_Mount_DragonBrute
Candles,Candles_Interactable,HauntedHouse,6,7,HH_CandleStand_Normal,Blue,CandleGrp_Blue,Green,CandleGrp_Green,Normal,CandleGrp_Normal,Magenta,CandleGrp_Pink
Make Drink,DrinkCabinet_Interactable,HauntedHouse,6,8,HH_DrinkCabinet,Five Finger Punch,HH_DrinkCabinet_Finger,Eyeball Sipper,HH_DrinkCabinet_Martini,Twilight Fountain,HH_DrinkCabinet_Twilight,Brain Cooler,HH_DrinkCabinet_Brain
Knight,Knight_Interactable,HauntedHouse,6,9,KnightArmor_Default,Axe,KnightArmor_Axe,LongSword,KnightArmor_LongSword,Mace,KnightArmor_Mace,Rapier,KnightArmor_Rapier
Choose Couch,Couch_Interactable,HauntedHouse,6,10,HH_Couchs_Default,Crappy Couch,HH_Couchs_Crappy,Leather Couch,HH_Couchs_Leather,Modern Couch,HH_Couchs_Modern,Victorian Couch,HH_Couchs_Victorian
Speak to ghost,Ghost_Interactable,HauntedHouse,6,11,HH_NPC_Ghost,"Hi I'm Maisie!",HH_Ghost_WaveHi_Var,"Time to eat!",HH_Ghost_EatHuman_Var,"Possession is what I do!",HH_Ghost_Possess_Var,... (They're shy!),HH_Ghost_Shy_Var
Check Suitcase,SuitCase_Interactable,HauntedHouse,6,12,SuitCase_Default,Suitcase full of chickens,SuitCase_Chicken,Suitcase with clothes,SuitCase_Cloths,Suitcase with a suprise,SuitCase_Confetti,Spooky Suitcase,SuitCase_Ghosts
Pumpkins,Pumpkin_Interactable,HauntedHouse,6,13,PumpkinGrp,Smash Blue,PumpkinGrp_Blue,Smash Orange,PumpkinGrp_Orange,Smash Pink,PumpkinGrp_Pink,Smash Red,PumpkinGrp_Red
Spider,Spider_Interactable,HauntedHouse,6,14,SpiderGrp_Default,Feed Spider,SpiderGrp_FeedSpider,Kill it with fire,SpiderGrp_KillItWithFire,Walk Away...,SpiderGrp_WalkAway,Shoo Spider away,SpiderGrpShooSpiderAway
Piano,Piano_Interactable,HauntedHouse,6,15,HH_Piano_Default,Black,HH_Piano_Black,Gold,HH_Piano_Gold,Pink,HH_Piano_Pink,Red,HH_Piano_Red
TV,TV_FlatScreen_2,Sports,7,0,null,Curved TV,TV_Curve,Flat Screen,TV_FlatScreen_2,Old CRT,TV_Old,DLP,TV_DLP
Red Boxer,NPC_RedBoxer,Sports,7,1,null,Uppercut,Sports_BoxerRed_UpperCut_Var,Jab,Sports_BoxerRed_Jab_Var,Right Hook,Sports_BoxerRed_Hook_Var,Throw in Towel,Sports_BoxerRed_OnPost_Var
Trophy,StanleyCup,Sports,7,2,null,Stanley Cup,null,Larry O'Brien Championship,null,Vince Lombardi,null,World Series,null
Helmet,Hockey Helmet,Sports,7,3,null,Hockey Helmet,Hockey Helmet,Football Helmet,football_helmet,Baseball Helmet,baseball_helmet,Headband,headband
Sports Table,foosball_Hockey_2,Sports,7,4,null,Play Foosball,Foosball_Table,Play Pool,Pool_Table,Play Air Hockey,foosball_Hockey_2,Play Ping Pong,Ping_Pong_Table
Punching Bag,PunchingBagGrp,Sports,7,5,null,Setup Red Bag,PunchingBag_Red,Setup Blue Bag,PunchingBag_Blue,Setup Black Bag,PunchingBag_Black,Setup Green Bag,PunchingBag_Green
Signed Poster,Poster,Sports,7,6,null,Hockey Poster,null,Basketball Poster,null,Soccer Poster,null,Football Poster,null
Drink,Drink_PreWorkOut,Sports,7,7,null,Drink Protein Shake,Drink_PreWorkOut,Drink Smoothie,Drink_Smoothie,Drink Water,Drink_Water_2,Take A Load Off,Drink_Beer
Ball Display,HockeyPuck,Sports,7,8,null,Football,FootBall_2,Hockey Puck,HockeyPuck,Basketball,BasketBall_2,Baseball,Baseball_2
Workout,NPC_PowerLifter,Sports,7,9,null,Light Weights,Sports_Squats_LightWeights_Var,Heavy Weights,Sports_Squats_HeavyWeight_Var,Break the Record,Sports_Squats_WorldWeight_Var,Struggle,Sports_Squats_Struggle_Var
Sports Jersey,Jersey_Hockey,Sports,7,10,null,Soccer Jersey,Jersey_Soccer,Hockey Jersey,Jersey_Hockey,Basketball Jersey,Jersey_Basketball,Football Jersey,Jersey_Football
Blue Boxer,NPCBase_Dark02,Sports,7,11,null,Tap In Yeti,CampCryptid_Yeti,Tap In Dog,NPC_Dog_01,Tap In Penguin,farm_cute_penguin,Tap In Cat,NPCCat_White
Sports Training,Goals_Hockey,Sports,7,12,null,Basketball,GoalsBasketball,Football ,GoalsFootball,Soccer,GoalsSoccer,Hockey ,Goals_Hockey
Gym Bros,GymBros_Base,Sports,7,13,null,"Get that cardio up!",GymBros_JumpingJacks_Var,"Try some crunches!",GymBros_Crunches_Var,"Do you even lift bro?!",GymBros_BicepCurl Var,"Chest Press for Great Pecs!",GymBros_ChestPress_Var
Banner,Banner_Skull,Sports,7,14,null,Team Skulls,Banner_Skull,Team Racoon,Banner_Racoon,Team Lion,Banner_Lion,Team Soccer,Banner_Soccer
Character Swap,NPC's,Sports,7,15,null,Yoga Chicks,NPC's,Bald Guys,NPC's 1,Dogs,NPC's 2,Cowboys,NPC's 3
Table Lamp,Lamp_Interactable,Apartment,8,0,Apt_Lamp_Default,Leg Lamp,Apt_Lamp_LegLamp,Neon Sign,Apt_Lamp_NeonSign,Paper Lamp,Apt_Lamp_PaperLamp,Puffer Fish,Apt_Lamp_Pufferfish
House Plant,HousePlantInteractable,Apartment,8,1,Apt_Plant_Base,Neglected Plant,Apt_Plant_Dead,Fern,Apt_Plant_Fern,Orchid,Apt_Plant_Orcid,Sunflower,Apt_Plant_Sunflower
Afternoon Drink,Drinks_Interactable,Apartment,8,2,Apt_Drinks_Default,Black Tea,Apt_Drinks_BlackTea,Cooler,Apt_Drinks_Cooler,Kale Shake,Apt_Drinks_KaleShake,Pink Lemonade,Apt_Drinks_PinkLemonade
Midday Snack,Food_Interactable,Apartment,8,3,Apt_Food_Default,Pork Buns,Apt_Food_Porkbuns,Steak,Apt_Food_Steak,Strawberry Cake,Apt_Food_StrawberryCake,Vanilla Parfait,Apt_Food_VannilaParfait
Check Outside,Window_Interactable,Apartment,8,4,Apt_Window_Default,Bird Crash,Apt_Window_Bird,Flying Saucer,Apt_Window_FlyingSaucer,Tree,Apt_Window_Tree,Zombie,Apt_Window_Zombie
Family Photo,FamilyPicture_Interactable,Apartment,8,5,Apt_PictureFrames_Default,Family Cat Photo,Apt_PictureFrames_Cat,Old Family Portrait,Apt_PictureFrames_Classic,Family Photo,Apt_PictureFrames_Family,Spooky Photo,Apt_PictureFrames_Ghost
Seasonal Decor,Interactable_SeasonalDecor,Apartment,8,6,Apt_HolidayDecor_Default,Beach Day,Apt_HolidayDecor_BeachDays,Fall,Apt_HolidayDecor_Fall,New Years,Apt_HolidayDecor_NewYears,Valentines,Apt_HolidayDecor_Valentines
House Guest,Guest_Interactable,Apartment,8,7,Apt_Guest_Base,Friend,Apt_Guest_FriendPie,Pizza Delivery,Apt_Guest_Pizza Var,House Burglar,Apt_Guest_Burglar Var,Box of Kittens,Apt_Guest_Kitten Var
Pet,Pet_Interactable,Apartment,8,8,Apt_Pet_FoodBowl_Base,Goldfish,APT_Pet_Fish,Frog,APT_Pet_Frog,Mutant Spider,APT_Pet_AlienSpider,Ghost Dog,APT_Pet_GhostDog
Hat Rack,HatRack_Interactable,Apartment,8,9,Apt_HatRack_Base,Cheese Head Hat,Apt_HatRack_Cheese Var,Fruit Hat,Apt_HatRack_FruitHat Var,Spinner Hat,Apt_HatRack_Spinner Var,Fancy Top Hat,Apt_HatRack_TopHat Var
Look into Mirror,Mirror_Interactables,Apartment,8,10,Apt_StandingMirror,See Clown,Apt_StandingMirror_Clown,Crack mirror,Apt_StandingMirror_Cracked,Floating head,Apt_StandingMirror_FloatingHead,See the Galaxy,Apt_StandingMirror_Galaxy
Choose Bed,Bed_Interactable,Apartment,8,11,Apt_BedNormal,Coffin,Apt_BedCoffin,Hammock,Apt_BedHammock,Pillow Fort,Apt_BedPillowFort,Water Bed,Apt_BedWaterBed
Fridge,Fridge_Interactable,Apartment,8,12,null,Lots of Food Fridge,Apt_Fridge_LotsofFood,Icy Fridge,Apt_Fridge_Ice,Rotten Fridge,Apt_Fridge_Rotten,Tentacle Attack,Apt_Fridge_Tentacle
Bathtub,BathTub_Interactable,Apartment,8,13,Apt_Bathtub,Acid Bath,Apt_Bathtub_Acid,BathBomb,Apt_Bathtub_Bathbomb,Drain Tub,Apt_Bathtub_Ducky,Romantic Bath,Apt_Bathtub_Romatic
Television,TV_Interactable,Apartment,8,14,Apt_TV_Base,Commercial,Apt_TV_Commercial,Video Game,Apt_TV_Games,Soccer,Apt_TV_Soccer,Broken TV,Apt_TV_Broken
Paint Walls,PaintWalls_Interactable,Apartment,8,15,Apt_PaintedWalls_Default,Grunge,Apt_PaintedWalls_Grunge,Painted,Apt_PaintedWalls_Painted,Pinstripe,Apt_PaintedWalls_PinStripe,Tacky,Apt_PaintedWalls_Tacky
Chalk Board,Interactable_ChalkBoard,Lab_ISO,9,0,Lab_ChalkBoard,Creature Experiments,Lab_ChalkBoard_Creature,Magnetic Attraction,Lab_ChalkBoard_Magnetic,Utter Madness,Lab_ChalkBoard_Raving,Rocket,Lab_ChalkBoard_Rocket
Cryogenic Experiment,Cryopod_Interactable,Lab_ISO,9,1,Lab_Cryopod_Default,Extend Timer,Lab_Cryopod_Extend,Open pods,Lab_Cryopod_Open,Begin thawing,Lab_Cryopod_Thaw,Use Test Subject,Lab_Cryopod_People
Research,Interactable_ResearchComputer,Lab_ISO,9,2,Lab_ComputerStation_Default,Chemistry,Lab_ComputerStation_Chemestry,Lysergic Acid Diethylamide ,Lab_ComputerStation_LSD,Thermodynamics,Lab_ComputerStation_Thermodynamics,Depression ,Lab_ComputerStation_Depression
Look At Microscope,Interactable_Microscope,Lab_ISO,9,3,Lab_microscope_Default,Penicillin,Lab_microscope_Blue,Artic Algae ,Lab_microscope_Green,Virus,Lab_microscope_Red,Prehistoric DNA,Lab_microscope_Yellow
Plant experiment,Interactable_PlantExperiment,Lab_ISO,9,4,Lab_Plants_Default,Water plant,Lab_Plants_Water,Give fertilizer,Lab_Plants_Fertalizer,Give DNA injection,Lab_Plants_DNA,UV Light,Lab_Plants_UV
Lab Egg,Interactable_LabEgg,Lab_ISO,9,5,Lab_Egg_Default,Ostritch Egg,Lab_Egg_Ostritch,Mutant Egg,Lab_Egg_Mutant,Dinosaur Egg,Lab_Egg_YoshiEgg,Radioactive Egg,Lab_Egg_Radioactive
Generator,Interactable_Generator,Lab_ISO,9,6,Lab_Generator_Default,Electric,Lab_Generator_Electric,Hamster,Lab_Generator_Hamster,Nuclear,Lab_Generator_Nuclear,Star,Lab_Generator_Star
Inspect Morph Tube,Lab_Interactable_MorphTube,Lab_ISO,9,7,Lab_MorphTube_CellClump,Toad,Lab_MorphTube_Frog,Raptor,Lab_MorphTube_Raptor,Goo Guy,Lab_MorphTube_GooGuy,Yeti,Lab_MorphTube_Yeti
Kids Experiment,Interactable_KidsExperiment,Lab_ISO,9,8,Lab_KidsExperiment_Trifold,Moldy Bread,Lab_KidsExperiment_Bread,Potato Light Bulb,Lab_KidsExperiment_Potato,Rocket,Lab_KidsExperiment_Rocket,Volcano,Lab_KidsExperiment_Volcano
Desk Junk,Interactable_DeskJunk,Lab_ISO,9,9,Lab_DeskJunk_Default,Research Binders,Lab_Desk_Binders,Dipper Bird Toy,Lab_Desk_Dipper,Einstein Autograph,Lab_Desk_Einstein,Nobel Prize,Lab_Desk_Nobel
Biofuel Generator,Lab_BioFuelGenerator_Interatable,Lab_ISO,9,10,Lab_BioFuelGen_Default,Increase Heat,Lab_BioFuelGen_IncreaseHeat,Increase Pressure,Lab_BioFuelGen_IncreasePressure,Open Valve,Lab_BioFuelGen_OpenValve,Simmer,Lab_BioFuelGen_Simmer
Head In Jar,Interactable_HeadInJar,Lab_ISO,9,11,Lab_HeadInJar__Default,Brain,Lab_HeadInJar_Brain,Caveman,Lab_HeadInJar_Caveman,Queen Marie Antoinette,Lab_HeadInJar_Marie,President Abe Lincoln,Lab_HeadInJar_Abe
Spider Experiment,Interactable_SpiderExperiment,Lab_ISO,9,12,Lab_Spider,Irradiate Spider,Lab_Spider_Nuclear,Domesticate Spider,Lab_Spider_Cute,Spider Pig,Lab_Spider_Pig,Inject Chemical X,Lab_Spider_Venomous
Lab Monkey,Interactable_LabMonkey,Lab_ISO,9,13,null,Fruit Hat,Lab_Monkey_Fruit,BaseBall Hat,Lab_Monkey_BBCap,Sombrero Hat,Lab_Monkey_Sombrero,Western Hat,Lab_Monkey_Western
Lab Assistant,Interactable_LabAssistant,Lab_ISO,9,14,Lab_LabAsst_Sign,Herman the Gorilla,Lab_LabAsst_Gorilla,Igor the Human,Lab_LabAsst_Igor,IGG-E the Robot,Lab_LabAsst_IGGE,Invisible Man,Lab_LabAsst_InvisibleMan
Neon Light Tubes,Interactable_NeonTube,Lab_ISO,9,15,Lab_NeonTubes_Default,Argon,Lab_NeonTubes_Argon,Helium,Lab_NeonTubes_Helium,Mercury,Lab_NeonTubes_Mercury,Neon,Lab_NeonTubes_Neon
Feed Baby Dino,DragonBaby_Base,SorcererTower,10,0,null,Beefy Steak,DragonBaby_Big Var,Birthday Cake,DragonBaby_Fat Var,Poison Mushroom,DragonBaby_Sick Var,Hot Pepper,DragonBaby_Spicy Var
Sorcerer,ST_NPC_Witch,SorcererTower,10,1,null,Old Wizard,NPSorcerer_Wizard,Genie,NPSorcerer_Genie,Witch in Training,NPCSorcerer_Witch,Mr. Kittenklaus,NPCSorcerer_Cat
Spell Book,ST_SpellBookGrp,SorcererTower,10,2,null,"Aquario!",ST_SpellBookGrp_Blue,"Minterion!",ST_SpellBookGrp_Green,"Sanguino!",ST_SpellBookGrp_Red,"Oro!",ST_SpellBookGrp_Yellow
Choose Wall,ST_StainedGlass_01,SorcererTower,10,3,null,Emerald Duo,ST_StainedGlass_01,Mosaic Arch,ST_StainedGlass_02,Rosy Glass,ST_StainedGlass_03,Dawn Roundel,ST_StainedGlass_04
Mortar and Pestle,ST_MortarPestle,SorcererTower,10,4,null,Dog Bone,ST_MortarPestle_Bones,Royal Grapes,ST_MortarPestle_Grapes,Stinging Nettle,ST_MortarPestle_Nettle,Hardy Wheat,ST_MortarPestle_Wheat
Choose Wand,Wand_Grp,SorcererTower,10,5,null,Wand of Containment,Wand_Grp_Containment,Wand of Florance,Wand_Grp_Florance,Wand of Goop,Wand_Grp_Goop,Wand of Unliving,Wand_Grp_Unliving
Loona the Witch,NPCWitch,SorcererTower,10,6,null,"I'll get you my pretty!",NPCWitch_Getcha_Var,"Begone, worm!",NPCWitch_Shoo_Var,"Just dropping off hexes.",NPCWitch_Potion_Var,"Ehehehehe!",NPCWitch_FlyAway_Var
Peer into Crystal Ball,CrystalBall_Grp,SorcererTower,10,7,null,Darkness,CrystalBall_Black,Glowing,CrystalBall_Glow,Empty ,CrystalBall_Clear,Chicken?,CrystalBall_Chicken
Toad,NPC_Toad,SorcererTower,10,8,null,Imprison Toad,ST_Toad_Cage_Var,Kiss Toad,ST_Toad_Kiss,Turn into Prince,ST_Toad_Crown,Turn Into Stone,ST_Toad_Stone
Cast Floating Spell,FeatherGrp,SorcererTower,10,9,null,Cast Spell On Red Feather,FeatherGrp_Red,Cast Spell On Yellow Feather,FeatherGrp_Yellow,Cast Spell On Blue Feather,FeatherGrp_Blue,Cast Spell On Green Feather,FeatherGrp_Green
Send Letter,SendLetter_Owl,SorcererTower,10,10,null,Via Raven,SendLetter_Raven,Via Spirit,SendLetter_Spirit,Via Owl,SendLetter_Owl,Via Laptop,SendLetter_Laptop
Floating Candles,STCandle_Dynamite (1),SorcererTower,10,11,null,Torches,STCandle_TorchVar,Spirit Orbs,STCandle_OrbVar,Ordinary Candles,STCandle_RegularVar,Dynamite,STCandle_Dynamite
Wizards Hat,ST_Hat_Normal,SorcererTower,10,12,null,Levitation Spell,ST_Hat_Levitate,Spawn Mouse,ST_Hat_Mouse,Giants Spell,ST_Hat_Shrink,Illuminate,ST_Hat_Illuminate
Brew Potion,CauldronGroup,SorcererTower,10,13,null,Mystical Hooch,CauldronGroup_Blue,Liquid Luck,CauldronGroup_Green,Vile Potion,CauldronGroup_Purple,Health Potion,CauldronGroup_Red
Cast Magic,Broom_Base,SorcererTower,10,14,null,Sweeping,Broom_Sweeping,Floating,Broom_Floating,Upgrade to Vacuum,Broom_Vacuum,Broken,Broom_Broken
Elemental Shard,Crystal_Int_Grp_Water,SorcererTower,10,15,null,Study Water,Crystal_Int_Grp_Water,Study Darkness,Crystal_Int_Grp_Darkness,Study Fire,Crystal_Int_Grp_Fire,Study Earth,Crystal_Int_Grp_Earth
Drink,SaloonBar_Drink_Tiki (1),PirateShip_Wreck,11,0,null,Beer,SaloonBar_Drink_Beer,Latte,SaloonBar_Drink_Latte,Juice,SaloonBar_Drink_Juice,Tiki Bowl,SaloonBar_Drink_Tiki
Study Nemesis,Painting_Nemesis,PirateShip_Wreck,11,1,null,Capn' Cujo,Painting_Cujo,Capn' Rum,Painting_Human,Capn' Beardy,Painting_Nemesis,Capn' Whale,Painting_Whale
Ship Creature,ShipCreature,PirateShip_Wreck,11,2,null,Beetle,ShipCreature_Beetle,Crab,ShipCreature_Crab,Mouse,ShipCreature_Mouse,Pigeon,ShipCreature_Pigeon
Unhappy Hostage,CafeCustomer_Teen,PirateShip_Wreck,11,3,null,Ghost,PirateHostage_Ghost 1,Pirate,PirateHostage_Pirate 1,Human,PirateHostage_Human 1,Child,PirateHostage_Teen 1
OpenChest,Pirate_Chest,PirateShip_Wreck,11,4,null,Bones,Pirate_Chest_Bones,Fruit,Pirate_Chest_Fruit,Gold,Pirate_Chest_Gold,Tuna,Pirate_Chest_Tuna
Pirate Fight,PirateFight_Cutlass,PirateShip_Wreck,11,5,PirateFight_Cutlass,Broadsword,PirateFight_Broadsword,Cutlass,PirateFight_Cutlass,Mace,PirateFight_Mace,Raygun,PirateFight_Raygun
Choose a Shipmate,ChooseABird,PirateShip_Wreck,11,6,null,Crow,Pirate_Shipmate_Raven,Owl,Pirate_Shipmate_Owl,Chicken,Pirate_Shipmate_Chicken,Parrot,Pirate_Shipmate_Parrot
Lab Monkey,Lab_Monkey_BBCap,PirateShip_Wreck,11,7,null,Fruit Hat,Lab_Monkey_Fruit,BaseBall Hat,Lab_Monkey_BBCap,Sombrero Hat,Lab_Monkey_Sombrero,Western Hat,Lab_Monkey_Western
Choose Flag,PirateFlag_SkullNBones,PirateShip_Wreck,11,8,null,Ghost,PirateFlag_Ghost,Skull N' Bones,PirateFlag_SkullNBones,Royal Navy,PirateFlag_Royal,Surrender ,PirateFlag_Surrender
Sleeping Pirate,PirateNPC_Hammock,PirateShip_Wreck,11,9,null,Doodle on Face,PirateNPC_TuckIn_Var 1,Take Bandana,PirateNPC_TakeBandanna,Tuck In,PirateNPC_TuckIn_Var,Yell to Wake Up,PirateNPC_WakeUp_Var
Barrel o' Stuff,PirateBarrels,PirateShip_Wreck,11,10,null,Limes,PirateBarrel_Limes,Iguana Stew,PirateBarrel_Stew,Pickled Eggs,PirateBarrel_Eggs,Rum,PirateBarrel_Rum
Abandoned Armor,BeachArmor_Mace,PirateShip_Wreck,11,11,null,Axe,BeachArmor_Axe,LongSword,BeachArmor_LongSword,Mace,BeachArmor_Mace,Rapier,BeachArmor_Rapier
Spyglass,Telescope,PirateShip_Wreck,11,12,null,Snow,TelescopeSnow Variant,Astronaut,TelescopeAstro Variant 1,Hamburger,TelescopeHamburger Variant,Octopus,TelescopeOcto Variant
Talking Crab,NPC_Crab,PirateShip_Wreck,11,13,null,"Where's the rum?",Pirate_Crab_Grog,"Let's start a mutiny!",Pirate_Crab_Mutiny,"Scram, ya scabby fish!",Pirate_Crab_Hostile,"Hands off me sandwich!",Pirate_Crab_Sandwiches
Choose Cannon Ammo,Cannon_Cannonball,PirateShip_Wreck,11,14,null,Bananas,PirateCannon_Bananas,CannonBall,PirateCannon_Cannonball,Cats,PirateCannon_Cat,Pirates,PirateCannon_Pirate
Choose next destination,mapOption1,PirateShip_Wreck,11,15,null,British Isles,mapOption_BritishIsles,Carribean Isles,mapOption_CarribeanIslands,Neverland,mapOption_Neverland,Secret Cove,mapOption_SecretCove
Dinner Guest,NonnaDinner_Plate,NonnaBIG_ISO,12,0,null,Spaghetti,NonnaFood_Spaghetti,Wine,NonnaFood_Wine,Fish,NonnaFood_Fish,Pizza,NonnaFood_Pizza
Baker,NonnaBaker_Baking,NonnaBIG_ISO,12,1,null,Sleeping baker,NonnaBaker_Sleeping,Hungry baker,NonnaBaker_Eating,Greedy baker,NonnaBaker_Stealing Money,Working baker,NonnaBaker_Baking
Host,NonnaHost_Italian,NonnaBIG_ISO,12,2,null,Host,NonnaHost_Italian,Punk,NonnaHost_Punk,Cactus,NonnaHost_Cactus,Bear,NonnaHost_Bear
Shelf,NonnaShelfLG01,NonnaBIG_ISO,12,3,null,Wine,NonnaShelfLG_Wine_Flat,Bread,NonnaShelfLG_Bread_Flat,Sweets,NonnaShelfLG_Sweets_Flat,Bells,NonnaShelfLG_Bells_Flat
Pan fire,Nonna_PanFire,NonnaBIG_ISO,12,4,null,Put on lid,Nonna_PanLid_Int Variant,Do nothing,Nonna_PanFire_Int,Reveal Bananas Foster,Nonna_BananaFoster_Int Variant,Pour oil on fire,Nonna_PanOilFire_Int Variant
Lost drink,Drink_PreWorkOut,NonnaBIG_ISO,12,5,null,Water,Drink_Water_2,Smoothie,Drink_Smoothie,Pre-workout,Drink_PreWorkOut,Juice,SaloonBar_Drink_Juice
Bodega Pet,CafeCat_Orange,NonnaBIG_ISO,12,6,null,Prussian Cat,BodegaPet_CatBlue,Snake,BodegaPet_Snake,Tabby Cat,BodegaPet_CatOrange,Chicken,ChickenGrpPet
Rooftop Plant,Plant_int,NonnaBIG_ISO,12,7,Arabian_palm_tree,Cactus,Arabian_cactus,Shrub,Arabian_shrub,Pine tree,Arabian_pine_tree,Palm tree,Arabian_palm_tree
Table Cloth,TableCloth_Base,NonnaBIG_ISO,12,8,null,Fine Cloth,TableCloth_Fine_BIG Var,Nonna's Cloth,TableCloth_Checker_Big,Plaid Cloth,TableCloth_Plaid_BIG Var,Gold Cloth,TableCloth_Gold_BIG Var
Night Stand,NightStand,NonnaBIG_ISO,12,9,NightStand,Open Sugar Drawer,NightStand (1),Open Rope Drawer,NightStand (2),Open Weird Drawer,NightStand (3),Open Bread Drawer,NightStand (4)
Decor,NonnaShelf_Pitcher_Flat,NonnaBIG_ISO,12,10,null,Model of Truck,Nonna_ToyCar,Guitar,NonnaShelf_Guitar_Flat,Pitcher,NonnaShelf_Pitcher,Wheat,NonnaShelf_Wheat
Terrace Decor,Nonna_FloraDecor,NonnaBIG_ISO,12,11,null,Round Bushes,Nonna_FloraDecor_Round,Lattice Wall,Nonna_FloraDecor_Lattice,Spiral Bushes,Nonna_FloraDecor_Spiral,Ivy Wall,Nonna_FloraDecor_Ivy
Flower Pot,NonnaPotFlower_Orange_Flat,NonnaBIG_ISO,12,12,null,White,NonnaPotFlower_White_Flat,Red,NonnaPotFlower_Red_Flat,Purple,NonnaPotFlower_Purple_Flat,Orange,NonnaPotFlower_Orange_Flat
Roman Bust,NonnaBust_Poet,NonnaBIG_ISO,12,13,null,Poet,null,Helmet,null,Parmesan,null,Grapes,null
Guest,Nonna_DinnerTalk_NPC (1),NonnaBIG_ISO,12,14,null,"Where's my dinner?!",Nonna_DinnerTalk_Angry_Var,"I'm waiting for my date.",Nonna_DinnerTalk_Date_Var,"This is too expensive!",Nonna_DinnerTalk_Bill_Var,He's busy eating.,Nonna_DinnerTalk_Eat_Var
Oven food,OvenFood_Crab,NonnaBIG_ISO,12,15,null,Crab,OvenFood_Crab,Bread,OvenFood_Bread,Steak,OvenFood_temp_steak,Cookies,OvenFood_Cookies
Trough,Saloon_Trough_Drink,SaloonBiggerISO,13,0,null,Empty,Saloon_Trough_Empty,Drink,Saloon_Trough_Drink,Poison,Saloon_Trough_Poison,Fill With Hay,Saloon_Trough_Hay
Cactus,Saloon_CactusBase,SaloonBiggerISO,13,1,null,Flower Cactus,Saloon_CactusFlower,Crazy Cactus,Saloon_CactusMoustache,Too Cool Cactus,Saloon_CactusCool,Cut Cactus,Saloon_CactusCut
Ride an Animal,Saloon_RideAnimal_Ankylosaurus,SaloonBiggerISO,13,2,null,Horse,Saloon_RideAnimal_Horse,Ankylosaurus,Saloon_RideAnimal_Ankylosaurus,Cat,Saloon_RideAnimal_Cat,T-Rex,Saloon_RideAnimal_Trex
Drink,SaloonBar_Drink_Beer,SaloonBiggerISO,13,3,null,Beer,SaloonBar_Drink_Beer,Latte,SaloonBar_Drink_Latte,Juice,SaloonBar_Drink_Juice,Tiki Bowl,SaloonBar_Drink_Tiki
Cargo,Saloon_WagonCargo_Bananas,SaloonBiggerISO,13,4,null,Bananas,Saloon_WagonCargo_Bananas,Bombs,Saloon_WagonCargo_Bombs,Crabs,Saloon_WagonCargo_Crabs,Hero Sword,Saloon_WagonCargo_Sword
Hat,SaloonNPC_Hat_Western,SaloonBiggerISO,13,5,null,Fruit Hat,SaloonNPC_Hat_Fruit,Sombrero,SaloonNPC_Hat_Sombrero,Baseball Cap,SaloonNPC_Hat_BBCap,Cowboy Hat,SaloonNPC_Hat_Western
Music,SaloonPiano_Western,SaloonBiggerISO,13,6,null,Piano,SaloonPiano_Western,Organ,SaloonPiano_Organ,Xylophone,SaloonPiano_Xylophone,Gong,SaloonPiano_Gong
Coffin,Saloon_Coffin,SaloonBiggerISO,13,7,null,Snuffles,Saloon_Coffin_Cat_Vars,Penguin,Saloon_Coffin_Penguin_Var,Skeleton,Saloon_Coffin_Skeleton_Var 1,Spider,Saloon_Coffin_Spider_Var
Dancers,SaloonDancer_Folk,SaloonBiggerISO,13,8,null,Folks,SaloonDancer_Folk,Monkeys,SaloonDancer_Monkey,Ghosts,SaloonDancer_Ghost,Miners,SaloonDancer_Miner
Weapon,SaloonWeapon_Revolver_base,SaloonBiggerISO,13,9,null,Revolver,SaloonWeapon_Revolver,Cutlass,SaloonWeapon_Cutlass,Raygun,SaloonWeapon_RayGun,Mace,SaloonWeapon_Mace
Poker Pot,SaloonPokerPot_Cash,SaloonBiggerISO,13,10,null,Cash,SaloonPokerPot_Cash,Candy,SaloonPokerPot_Candy,Sports,SaloonPokerPot_Sports,Cheese,SaloonPokerPot_Cheese
Gang,Saloon_Gang,SaloonBiggerISO,13,11,null,"Your money or your life.",Saloon_Gang_FingerGun_Var,"Road's closed!",Saloon_Gang_Block_Var,"Let's ride, boys!",Saloon_Gang_Ride_Var,"This gold is ours!",Saloon_Gang_Gold_Var
Sheep,Sheep,SaloonBiggerISO,13,12,null,Herd the Sheep,Sheep_Action_Herd,Cry Wolf ... err Fox,Sheep_Action_Fox,Pet a Sheep,Sheep_Base,Feed the Sheep,Sheep_Action_Feed
Bartender,NonnaHost_Bear 1,SaloonBiggerISO,13,13,null,"Shots on the house!",Saloon_Bar_Whiskey,"We're out of hooch!",Saloon_Bar_Clean,"Milkshake for the kiddo.",Saloon_Bar_Milkshake,"Pay your bill!",Saloon_Bar_Bill
Poker Players,SaloonNPC_PokerPlayers_Western,SaloonBiggerISO,13,14,null,Dandies,SaloonNPC_PokerPlayers_Dandy,Westerners,SaloonNPC_PokerPlayers_Western,Dogs,SaloonNPC_PokerPlayers_Dog,HipHop Crew,SaloonNPC_PokerPlayers_Hiphop
Wanted Poster,Saloon_SignBase,SaloonBiggerISO,13,15,null,"Hot Ugly Dan",Saloon_Sign_Dan Var,"Granny Vasquez",Saloon_Sign_Grandma,"Pierrot Le Fou",Saloon_Sign_PIerrot,"Jumpin' Josie",Saloon_Sign_Josie
Bodega Pet,SL_Cat_Orange,SnowLand,14,0,BodegaPet_CatOrange,Prussian Blue Cat,BodegaPet_CatBlue,Snake,BodegaPet_Snake,Orange Tabby Cat,BodegaPet_CatOrange,Crab,BodegaPet_Crab
Snowman,SL_SnowMan,SnowLand,14,1,null,Classic,SL_SnowMan_Classic,Pirate,SL_SnowMan_Pirate,Punk,SL_SnowMan_Punk,Monster,SL_SnowMan_Monster
Ice Skater,IceSkater_Normal,SnowLand,14,2,null,Go Slow,IceSkater_Normal,Inward Spin,IceSkater_SpinRight,Outward Spin,IceSkater_SpinLeft,Go Fast!!!,IceSkater_Fast
Lights,SL_Lights_Brazier,SnowLand,14,3,null,Lantern,SL_Lights_Lantern,Light Pole,SL_Lights_Lightpole,Candy Canes,SL_Lights_CandyCane,Brazier,SL_Lights_Brazier
Decorate tree,SL_DecorativeTree_01,SnowLand,14,4,null,Classic,SL_DecorativeTree_01,Pumpkin,SL_DecorativeTree_Pumpkin,Cat,SL_DecorativeTree_Cat,Fancy,SL_DecorativeTree_Fancy
Bush,CampBush_BerryA,SnowLand,14,5,null,Raspberry,CampBush_BerryA,Blueberry,CampBush_BerryB,Flower,CampBush_Flower,Poison Ivy,CampBush_Ivy (1) 1
Relic,Crystal (2),SnowLand,14,6,null,Touch.,CrystalTouch 1,Throw rock at it.,CrystalThrowRock 1,Yell at it.,CrystalYell 1,Steal,CrystalSteal 1
Houses,SL_House_Viking,SnowLand,14,7,null,Viking House,SL_Houses_Viking,Tee Pee,SL_Houses_Teepee,Dome House,SL_Houses_Dome,Castle House,SL_Houses_Castle
Music,CampMusic_Record,SnowLand,14,8,null,Piano,null,Organ,null,Xylophone,null,Banjo,null
Igloo,SL_Igloo_Reg,SnowLand,14,9,null,Classic Igloo,SL_Igloo_Reg,Castle,SL_Igloo_Fort,Snowman Head,SL_Igloo_SnowmanHead,Ice Pyramid,SL_Igloo_Pyramid
Statue,SL_Statue_Yeti,SnowLand,14,10,null,Yeti Statue,SL_Statue_Yeti,Cat Statue,SL_Statue_Cat,Rabbit Statue,SL_Statue_Rabbit,Egg Statue,SL_Statue_Egg
Penguin choir,SL_penguin_interactable,SnowLand,14,11,null,Sing Jazz,null,Sing Flamenco,null,Sing Rock,null,Xylophone,null
Snowland Sport,SL_WinterSport_Ski,SnowLand,14,12,null,Skis,SL_WinterSport_Ski,Snowboard,SL_WinterSport_Snowboard,Sled,SL_WinterSport_Sled,Tube,SL_WinterSport_Tube
Yeti Fishing,SL_Yetti_Start,SnowLand,14,13,null,Fish,SL_Yetti_Fish,Ice Block,SL_Yetti_IceBlock,Boot,SL_Yetti_Boot,Penguin,SL_Yetti_Penguin
Cook Food,FirePitChicken,SnowLand,14,14,null,Cook Chicken,FirePitChicken 1,Cook Egg,FirePitEgg 1,Cook Fish,FirePitFish 1,Cook Soup,FirePitSoup 1
Drink stant,DrinkStandContainer,SnowLand,14,15,null,Spiced Cider,SL_DrinkStand_Latte,Spinach Tea,SL_DrinkStand_Tiki,Moonshine,SL_DrinkStand_Fancy,Beer,SL_DrinkStand_Beer
Signal Beacon,signal_beacon,Space,15,0,null,Short Range Signal,signal_beacon 2,Long Range Signal,signal_beacon 3,Distress Signal,signal_beacon 4,Turn Off,signal_beacon 1
Inspect Plant,SpacePlant (1),Space,15,1,null,Pick Fruit,SpacePlant 1,Pick Stamen,SpacePlant 3,Grow,SpacePlant 2,Dig Up,dirt_mound
Astrosuit,SpaceSuit,Space,15,2,null,Color Suit White,SpaceSuit 4,Color Suit Blue,SpaceSuit 1,Color Suit Red,SpaceSuit 2,Color Suit Yellow,SpaceSuit 3
Greet Alien,NPC_Alien4Arm,Space,15,3,null,They want to be friends.,Space_Alien_Hello,They're walking their "Dogs.",Space_Alien_WalkPet,They seem frightened.,Space_Alien_Hide,They don't like you!,Space_Alien_Hostile
Spaceship,Spaceship,Space,15,4,null,Paint White,Spaceship 1,Paint Red,Spaceship 2,Paint Blue,Spaceship 3,Paint Yellow,Spaceship 4
Flag,Flag,Space,15,5,null,Mars Federation,flag_2,Terran Union,flag_3,Outer Rig Raiders,flag_4,Solar Hawks,flag_5
Yeti,CampYeti,Space,15,6,null,How'd you get here?,null,Have we met before?,null,You look familiar.,null,Hey, back at ya!,null
Spacebot,Robot_4,Space,15,7,null,Opportunity Rover,Robot_4,YARS Bot,Robot_2,K-49,Robot_3,IGG-E,Robot_1
Food Machine,Food_Machine,Space,15,8,null,Make Pizza,Food_Machine,Make Chicken,Food_Machine 2,Make Pretzel,Food_Machine 1,Make Candy,Food_Machine 3
Energy Orbs,doodad_Blue,Space,15,9,null,Hydrogen,doodad_Red,Mercury,doodad_Blue,Helium,doodad_Green,Carbon Dioxide,doodad_Orange
Scan Planets,Sphere,Space,15,10,null,Habitable Planet,null,Dusty Planet,null,Rocky Planet,null,Volatile Planet,null
Satellite,Satallite,Space,15,11,null,Repair,Satallite,Scuttle,Satallite 2,Acitvate,Satallite 4,Gather Parts,Satallite 3
AI Station,NPCBase_AI,Space,15,12,null,Show Weather Report.,Space_AI_ShowWeather,Scan for Lifeforms. ,Space_AI_ShowAlien,Compute Calculations.,Space_AI_ShowMath,Put AI to Sleep Mode.,Space_AI_Sleep
Inspect Bugs,AlienBug,Space,15,13,null,They Seem Uninterested,VFX_Bugs,They Seem Happy,VFX_Bugs_G,They Seem Angry,VFX_Bugs_R,They're Swarming,VFX_Bugs_Swarm
Harvest Plants,HologramDeck,Space,15,14,null,Gangly,PlantHarvester2,Hungry,PlantHarvester4 Variant,Mushroomy,PlantHarvester3 Variant,Normal,PlantHarvester1
Study Alien Growth,Sample,Space,15,15,null,Take Sample,Sample,Check Reading,Sample_Geigar,Disect,Sample_Scaple,Observe,Sample_MagnifyingGlass

